filename,condition,side bias,safe bias,inverse temperature,curvature for gains,curvature for losses,reward1 weight,reward2 weight,reward3 weight,reward4 weight,reward5 weight
FLAGTASK_PARTICIPANT_SESSION_2022-01-31_12h28.10.548.csv,sub_freeweights,0.351610953519895,-0.393674183632474,0.0484634032380605,0.292254517835374,1.49676385296674e-06,0.331241698757205,0.331941357597124,0.0703192495303908,0.266497969046635,-2.7493135501544e-07
FLAGTASK_PARTICIPANT_SESSION_2022-01-31_19h01.13.337.csv,sub_freeweights,-0.575634348443417,-0.733391863500732,0.0402948703739442,0.050945567771182,0.0955241711734732,0.0100000010451579,0.20631829379044,0.295694760401802,0.231977161587148,0.256009783175452
FLAGTASK_PARTICIPANT_SESSION_2022-02-01_15h37.06.271.csv,sub_freeweights,0.4672858027465,-0.23781627660754,0.143967001152178,0.41922994724371,0.753105839667639,0.30043820074713,0.218596264905732,0.204105051964732,0.144179703886829,0.132680778495577
FLAGTASK_PARTICIPANT_SESSION_2022-02-02_10h09.28.852.csv,sub_freeweights,-0.356947449716598,0.268863643227032,0.0315209807699193,0.159322290748308,0.599347651113313,0.0100001101864753,0.152222386464284,0.24012028178359,0.273308557768699,0.324348663796952
FLAGTASK_PARTICIPANT_SESSION_2022-02-03_01h32.05.984.csv,sub_freeweights,-0.905874156402323,-0.107913745419576,-0.00475697377022597,1.4898808439149,0.0230780551341873,0.010265674379622,0.0106264129977525,0.777291585628169,0.201816223559438,1.03435017995146e-07
FLAGTASK_PARTICIPANT_SESSION_2022-02-03_13h38.17.479.csv,sub_freeweights,0.257951656253457,-0.0426034809181851,0.048903300371164,3.649027412158e-06,0.0568204390254866,0.0100016975277141,0.276020683787467,0.298564482932999,0.24716966730309,0.168243468448731
FLAGTASK_PARTICIPANT_SESSION_2022-02-04_09h46.02.300.csv,sub_freeweights,0.0921541054091772,-0.136223856977552,0.0340049372526236,2.35817268710087e-07,0.294617087497018,0.123253446250359,0.258049144256855,0.313237532305169,0.219372022979176,0.086087854208442
FLAGTASK_PARTICIPANT_SESSION_2022-02-04_16h14.52.846.csv,sub_freeweights,-0.204235351912065,-1.71304475387536,0.00754860300846577,1.00095362337849,0.685517656119419,0.0316936392076529,0.136175207544068,0.482482658170733,0.0100000107787966,0.33964848429875
FLAGTASK_PARTICIPANT_SESSION_2022-02-05_16h37.20.691.csv,sub_freeweights,0.0963682188054328,-0.7601493905388,0.0281992827015034,1.03745814499998e-05,3.10326108055321e-05,0.137705316864853,0.33308118471816,0.153178469090908,0.228306971107263,0.147728058218816
FLAGTASK_PARTICIPANT_SESSION_2022-02-05_21h05.28.535.csv,sub_freeweights,-0.0863902086921542,-1.40963039479859,0.0136153391417641,0.594999646450882,0.00138617540776995,0.095745542454921,0.499724180000491,0.0353395559739481,0.369198252686813,-7.53111617290969e-06
FLAGTASK_PARTICIPANT_SESSION_2022-02-06_02h00.25.592.csv,sub_freeweights,0.42113208566754,-0.994335431465891,0.0879708109946,0.0637456402428654,0.0621917363904133,0.0100000001391364,0.362087663699222,0.266614679682244,0.247064758948015,0.114232897531384
FLAGTASK_PARTICIPANT_SESSION_2022-02-06_13h35.10.741.csv,sub_freeweights,-0.0412413357053982,-1.38142615149584,0.00584516693895959,0.0338228112666963,1.61000819470371e-17,0.0100000220499587,0.0100000089120298,0.167085302768942,0.573706762029709,0.23920790423936
FLAGTASK_PARTICIPANT_SESSION_2022-02-06_13h57.30.908.csv,sub_freeweights,-0.321679881389939,-2.36316200806882,0.00942386970307621,0.0496000987227111,0.135082710948047,0.01000005908775,0.131142338817961,0.258162092243329,0.0100000121434009,0.590695497707559
FLAGTASK_PARTICIPANT_SESSION_2022-02-07_14h22.55.534.csv,sub_freeweights,0.51702597426833,-1.71287332131996,0.0199125487042945,2.2129071873016,1.90842376147306e-06,0.109358932839843,0.147877350574306,0.428179480125455,0.199089661510269,0.115494574950127
FLAGTASK_PARTICIPANT_SESSION_2022-02-09_15h33.22.784.csv,sub_freeweights,0.545889714164419,-0.209623436731957,0.0325964773549104,0.603284407356759,1.1983322123714e-05,0.117213254606028,0.0978884470262178,0.226949994427662,0.257786700178465,0.300161603761626
FLAGTASK_PARTICIPANT_SESSION_2022-02-09_23h09.26.796.csv,sub_freeweights,-0.015237857697879,-0.563383035645929,0.0277445404139334,0.415992986596795,3.56599345162842e-06,0.208120140419261,0.15175771744226,0.288598628710778,0.0100049932126373,0.341518520215064
FLAGTASK_PARTICIPANT_SESSION_2022-02-10_00h31.33.55.csv,sub_freeweights,0.447536091335652,-0.0478111348676097,0.042208458702905,0.556146354390862,1.13991405859915e-05,0.0316598481073209,0.195026963874372,0.150575174901481,0.271567205291075,0.351170807825752
FLAGTASK_PARTICIPANT_SESSION_2022-02-10_17h29.18.439.csv,sub_freeweights,0.149811889914396,-0.563321867242907,0.027850055131563,1.39995615481537e-06,0.271408774335567,0.130278718702588,0.242789056817712,0.250902675019142,0.213189225460288,0.16284032400027
FLAGTASK_PARTICIPANT_SESSION_2022-02-11_01h23.11.341.csv,sub_freeweights,0.703004135767779,-0.72115993743362,0.0704278160434699,1.18765743886158e-06,0.0749192660797333,0.0100012611085332,0.374204356083523,0.0100001894075428,0.23384745627157,0.371946737128831
FLAGTASK_PARTICIPANT_SESSION_2022-02-11_03h38.42.720.csv,sub_freeweights,0.294009809767477,-0.142205374648843,0.0369472231426149,0.387179945762561,3.69677926891794e-10,0.198295640249403,0.0773832309785848,0.431974867454492,0.205529835481862,0.0868164258356577
FLAGTASK_PARTICIPANT_SESSION_2022-02-13_17h06.15.763.csv,sub_freeweights,0.0350230599909397,-1.81973263364989,0.0647842500748935,1.19472241982981,0.945547135112435,0.204127837128571,0.273563500677985,0.145428239039378,0.134356147310419,0.242524275843649
FLAGTASK_PARTICIPANT_SESSION_2022-02-14_12h45.38.940.csv,sub_freeweights,0.226408585930019,-1.50748700485163,0.0158608889542221,1.45001430842602,5.23496277622651e-06,0.168696998937056,0.0100003876948016,0.0496803898740292,0.251027222791057,0.520595000703056
FLAGTASK_PARTICIPANT_SESSION_2022-02-14_13h59.29.617.csv,sub_freeweights,0.607622453086397,-0.557984649297114,0.0404193973542315,1.00830087016939,0.847711605672285,0.266409932025828,0.147729090194728,0.168849256437335,0.18876519584187,0.228246525500239
FLAGTASK_PARTICIPANT_SESSION_2022-02-14_22h22.04.818.csv,sub_freeweights,-0.100208569680246,0.0855176658459987,-0.00129882533570916,1.74223955541304,1.74203766912672,0.223578618306345,0.345914098879888,0.190449813772903,0.0716800915550988,0.168377377485766
FLAGTASK_PARTICIPANT_SESSION_2022-02-15_12h08.24.705.csv,sub_freeweights,0.439110425423029,-1.29475499663791,0.0469655224850965,0.579893920822068,0.399394845804347,0.0100000006288932,0.250686824847275,0.148590891157369,0.296317079868686,0.294405203497778
FLAGTASK_PARTICIPANT_SESSION_2022-02-15_13h42.04.68.csv,sub_freeweights,-0.0876977016450626,-0.225148403654805,0.0251252826836213,0.606431612958327,0.59630672584142,0.25014373099518,0.0919033388786698,0.296006816304053,0.230043355843107,0.131902757978991
FLAGTASK_PARTICIPANT_SESSION_2022-02-15_22h32.15.370.csv,sub_freeweights,0.154169501155359,-0.799274270110015,0.0099479204618763,1.09774445642563e-05,0.11343041168549,0.0745232802571083,0.0516076931623586,0.0597168838592837,0.456349342459901,0.357802800261348
FLAGTASK_PARTICIPANT_SESSION_2022-02-16_18h14.46.925.csv,sub_freeweights,-0.0979709492676776,-0.1666000384106,0.0345602108136769,0.120846035865039,1.14744022944496e-06,0.515348744179151,0.0100002808976637,0.168811315871989,0.136760755563261,0.169078903487935
FLAGTASK_PARTICIPANT_SESSION_2022-02-17_13h02.55.727.csv,sub_freeweights,0.152324067899169,-0.994188139556854,0.00325181229515807,0.95917835755525,0.000176916236360188,0.010103466583032,0.278349251904954,0.187834957289439,0.523708281425983,4.04279659105278e-06
FLAGTASK_PARTICIPANT_SESSION_2022-02-17_17h15.11.238.csv,sub_freeweights,0.450029841972339,-0.251839980908143,0.0257071587546472,0.230767808190373,0.312034354497882,0.397876987943201,0.0100000287828892,0.200280218385109,0.440956492254024,-0.0491137273652231
FLAGTASK_PARTICIPANT_SESSION_2022-02-17_19h02.49.182.csv,sub_freeweights,0.0751259890179074,0.145758634858758,0.0127555172399417,7.38366267436498e-06,0.0636954568281255,0.0100023100126546,0.303665925234538,0.328781911371445,0.181067797168092,0.176482056213271
FLAGTASK_PARTICIPANT_SESSION_2022-02-17_20h18.41.968.csv,sub_freeweights,-0.168643794101828,-1.1061162634228,0.0109511567035817,0.756023681895256,2.97895000859414e-06,0.352498273780502,0.0572543022757612,0.216258772597165,0.0642922634473095,0.309696387899262
FLAGTASK_PARTICIPANT_SESSION_2022-02-17_20h59.27.673.csv,sub_freeweights,-0.138174367827864,-0.375417690353861,0.0144464527687552,0.040496279928329,0.01233212976962,0.337298820743714,0.0100000194398416,0.245575403259608,0.366129558238251,0.0409961983185854
FLAGTASK_PARTICIPANT_SESSION_2022-02-17_21h37.10.374.csv,sub_freeweights,0.564221619169887,-0.933727881224039,0.0234092955784868,0.916139941274684,0.886215605243489,0.197026338624689,0.19456181008151,0.125392065208603,0.185384580209282,0.297635205875916
FLAGTASK_PARTICIPANT_SESSION_2022-02-18_00h17.18.907.csv,sub_freeweights,-0.71103954498094,-1.33464485411305,0.027769259172476,0.592480701432022,0.175075721718932,0.147915891126765,0.0635404053104246,0.250012977646802,0.383629627108046,0.154901098807962
FLAGTASK_PARTICIPANT_SESSION_2022-02-18_12h48.21.967.csv,sub_freeweights,-0.120597652197512,-1.13372865554466,0.0216907209786829,1.14000789868098e-05,1.63585842515302e-05,0.292637004614288,0.146577509536877,0.171606823870196,0.23997383649818,0.149204825480459
FLAGTASK_PARTICIPANT_SESSION_2022-02-18_15h52.10.433.csv,sub_freeweights,-0.0850200593977603,-0.870831355053212,0.0193203641285844,0.748091412419344,0.968337642972152,0.209380303935274,0.139180597193322,0.257773385063289,0.104360657083256,0.28930505672486
FLAGTASK_PARTICIPANT_SESSION_2022-02-18_16h05.23.438.csv,sub_freeweights,-0.405284196587919,-1.22852868776254,0.0292398217185766,1.45124586491118e-07,0.119193079487254,0.192546707429089,0.245663002519828,0.0783142204152472,0.172738697124579,0.310737372511257
FLAGTASK_PARTICIPANT_SESSION_2022-02-18_17h58.12.927.csv,sub_freeweights,-0.150756274276983,-1.00355780491415,0.0242591012259964,0.755511937619333,8.179961618481e-07,0.22279923190887,0.0122310884563783,0.237615173227714,0.197044077593823,0.330310428813214
FLAGTASK_PARTICIPANT_SESSION_2022-02-18_18h01.58.753.csv,sub_freeweights,0.765819414367985,-0.0248949967947674,0.0749741186923131,0.699235397814518,0.9485758643957,0.219450302118641,0.133465448810983,0.195195474760574,0.220661216606999,0.231227557702803
FLAGTASK_PARTICIPANT_SESSION_2022-02-18_18h31.19.889.csv,sub_freeweights,1.55909583315817,-0.810089625036278,-0.00137255104774838,4.71104352493171,9.88987863072362,0.0195590384867373,0.245910712930697,0.724370780022512,0.0101594408415637,2.77184908359374e-08
FLAGTASK_PARTICIPANT_SESSION_2022-02-18_20h08.57.464.csv,sub_freeweights,-0.447351142390771,0.575626866399203,0.0482062126564539,1.87443695965999e-07,1.04355148466214,0.367990636617547,0.107419512039112,0.197951264675479,0.146983112698868,0.179655473968994
FLAGTASK_PARTICIPANT_SESSION_2022-02-18_22h51.24.611.csv,sub_freeweights,0.388648823775647,-2.66733477742102,0.00867981030484527,1.14391409041595,1.05395475831475e-05,0.321414746680051,0.178311789951002,0.490272529358939,0.0100008394663912,9.45436171573277e-08
FLAGTASK_PARTICIPANT_SESSION_2022-02-18_23h01.44.558.csv,sub_freeweights,0.24515307739139,0.327518147406555,0.0301306210278956,2.26764495086872e-06,3.97263278785374e-07,0.266798361894071,0.287130044036079,0.11591177164121,0.330156768574648,3.05385399168578e-06
FLAGTASK_PARTICIPANT_SESSION_2022-02-18_23h22.34.778.csv,sub_freeweights,-0.332595226302736,-2.77310917279283,0.0159162401158293,0.132326241168044,3.26582512008099e-07,0.477935358462178,0.15838465706014,0.0100014790910543,0.0914538295504798,0.262224675836148
FLAGTASK_PARTICIPANT_SESSION_2022-02-21_12h37.47.158.csv,sub_freeweights,-0.636773548952889,-0.62583660709909,0.0230541501616561,0.686036300966868,6.81919519956469e-06,0.0100010061649536,0.325748418499453,0.370984626636053,0.148938590499071,0.144327358200469
FLAGTASK_PARTICIPANT_SESSION_2022-02-21_20h05.34.685.csv,sub_freeweights,-0.378138408140228,0.348863680336166,0.0298216551429578,4.98835614353619e-06,0.387311607018796,0.253060110290419,0.173111595660555,0.282187390137723,0.25458425045224,0.0370566534590635
FLAGTASK_PARTICIPANT_SESSION_2022-02-23_12h10.11.258.csv,sub_freeweights,-0.521834526236117,0.30218182260917,0.0331015284575299,0.144230408814819,0.0990291317746076,0.0100000340395502,0.0100004101830646,0.270735313258068,0.39100932258578,0.318254919933537
FLAGTASK_PARTICIPANT_SESSION_2022-02-24_23h45.23.454.csv,sub_freeweights,-0.199781027007156,-0.340460541820569,0.028825004879127,0.575625694798715,5.33005630213068e-07,0.164270099731758,0.355502853938904,0.165414305114443,0.21035977920502,0.104452962009874
FLAGTASK_PARTICIPANT_SESSION_2022-02-26_16h16.46.649.csv,sub_freeweights,0.269793413150931,-0.67460307522603,0.011162782309462,0.0815082529096072,1.14434611929028e-05,0.38529699668463,0.010002027344306,0.122202482266569,0.010000554060982,0.472497939643512
FLAGTASK_PARTICIPANT_SESSION_2022-02-26_16h36.00.200.csv,sub_freeweights,0.0477038145774174,-1.09465924858461,0.0111291699221375,0.089946317262567,3.67964523480124e-06,0.0100038997402891,0.3199669910263,0.0100011918704837,0.315186349220326,0.344841568142602
FLAGTASK_PARTICIPANT_SESSION_2022-02-27_17h28.59.600.csv,sub_freeweights,-0.334845256433579,-0.0783364412797218,0.0175891400608066,0.0112120303380766,0.198549685065658,0.0100000539635662,0.117231273403395,0.0100000372499702,0.203180378989502,0.659588256393567
FLAGTASK_PARTICIPANT_SESSION_2022-02-28_17h14.38.619.csv,sub_freeweights,-0.445069177200838,-0.105319431931207,0.0280716129547434,0.135342646987875,0.264376602211389,0.0100000485731321,0.224646079201905,0.355592909227081,0.31673024323216,0.0930307197657216
FLAGTASK_PARTICIPANT_SESSION_2022-03-01_09h21.21.270.csv,sub_freeweights,-0.0528889036769628,-0.772445268360789,0.0234682063828311,0.928850724400779,0.740226184061755,0.0100000089752079,0.30546483381748,0.22751275745089,0.12100881566434,0.336013584092083
FLAGTASK_PARTICIPANT_SESSION_2022-03-02_11h38.56.809.csv,sub_freeweights,0.281877449880492,-1.30753981928011,0.0129922774669779,0.0269104097805048,0.0130426538848858,0.0100000756627826,0.343474792428812,0.0403928443632737,0.457571248482406,0.148561039062726
FLAGTASK_PARTICIPANT_SESSION_2022-03-03_15h52.54.407.csv,sub_freeweights,-0.302497642949624,-0.816286710774364,0.0311892500784547,0.639115892133846,1.18669214695336e-06,0.233522918329877,0.182623688165408,0.241291982851129,0.169781903268785,0.1727795073848
FLAGTASK_PARTICIPANT_SESSION_2022-03-03_21h17.27.504.csv,sub_freeweights,0.324026950144091,-0.45825091962948,0.0185561548539056,0.609277561941143,0.339247541891222,0.0100001928974588,0.147289715701657,0.299254601165831,0.366072263937328,0.177383226297725
FLAGTASK_PARTICIPANT_SESSION_2022-03-04_23h03.15.465.csv,sub_freeweights,103.554898641638,36.0453388869485,0.195038755703557,2.58833040357068,0.562702385228014,0.306605837244631,0.0444575263641824,0.0276708737452775,0.0275242431290304,0.593741519516878
FLAGTASK_PARTICIPANT_SESSION_2022-03-06_16h45.39.619.csv,sub_freeweights,0.27224130597776,-0.210176761692607,0.0301492612085293,0.649127759741459,1.04760750029899e-06,0.180273615303012,0.237806197977067,0.276687875971215,0.225432449375862,0.0797998613728448
FLAGTASK_PARTICIPANT_SESSION_2022-03-07_19h41.35.99.csv,sub_freeweights,0.0147341811008291,-0.658633931355099,0.00712967078261255,0.622054129673617,7.87313047059289e-06,0.153766738945852,0.307438834979836,0.0820846948036931,0.010004173469539,0.44670555780108
FLAGTASK_PARTICIPANT_SESSION_2022-03-08_17h08.55.983.csv,sub_freeweights,-0.198473466437033,-0.98440014380027,0.0174206205778956,1.40533313621116,3.40411687066337e-06,0.0100013894598128,0.117195774186453,0.51020629385624,0.211379933629932,0.151216608867563
FLAGTASK_PARTICIPANT_SESSION_2022-03-09_13h01.24.386.csv,sub_freeweights,-0.063226876436539,-0.931985672056333,0.0100983031026587,2.31549786659282e-06,0.0990473337468857,0.0100006385605386,0.328183494488882,0.28924603695493,0.184289760129688,0.188280069865962
FLAGTASK_PARTICIPANT_SESSION_2022-03-23_10h20.33.118.csv,sub_freeweights,-0.157215738582707,-1.68711277576132,0.0148470085652846,0.600495838945976,0.807414484634706,0.0100000158241828,0.261154384128549,0.132126198071655,0.272725609818768,0.323993792156846
FLAGTASK_PARTICIPANT_SESSION_2022-03-23_23h28.37.981.csv,sub_freeweights,0.251430611552519,-0.89934354646479,0.0323647297876345,0.0760942025734758,0.0832590675271199,0.0100000013330387,0.186419343526971,0.232795410147076,0.250001138791474,0.32078410620144
FLAGTASK_PARTICIPANT_SESSION_2022-03-24_17h30.38.277.csv,sub_freeweights,0.46228099025999,-0.891179712307851,0.0756708357036664,0.896709690371401,5.77227437208e-06,0.201751231925661,0.152208742863171,0.257760444183795,0.152540058225925,0.235739522801448
FLAGTASK_PARTICIPANT_SESSION_2022-03-24_20h06.03.842.csv,sub_freeweights,0.199739778379202,0.000123882606466402,0.012900194520806,0.419565079316938,0.000237541077904406,0.545233832215224,0.100796701653148,0.152592037098456,0.201367806517658,9.62251551350768e-06
FLAGTASK_PARTICIPANT_SESSION_2022-03-28_17h14.41.969.csv,sub_freeweights,-0.203875094259664,-0.808158073951451,0.0135783570439407,0.499199069947291,0.233629686226303,0.010000147486001,0.0893262187961785,0.309264013191816,0.232572458381972,0.358837162144033
FLAGTASK_PARTICIPANT_SESSION_2022-03-28_19h25.47.386.csv,sub_freeweights,-1.40470055310703,-0.24115573387809,0.00565959894513122,0.0543959226111449,0.0657388810491954,0.0100000262905707,0.0789636770851069,0.753124028508221,0.0214613428805076,0.136450925235594
FLAGTASK_PARTICIPANT_SESSION_2022-03-28_22h11.39.689.csv,sub_freeweights,0.741782383038157,-1.03573787500312,0.0892456097648358,0.635667322114962,0.0763870844648777,0.21773336272126,0.0438941411623976,0.25530268099755,0.237463510933461,0.245606304185331
FLAGTASK_PARTICIPANT_SESSION_2022-03-29_16h42.23.320.csv,sub_freeweights,0.422708010725244,-1.34367352605089,0.0501952574772302,0.90989177885438,1.46253354307193e-07,0.102625629683846,0.249440024391508,0.170454447574017,0.158765414503218,0.318714483847411
FLAGTASK_PARTICIPANT_SESSION_2022-03-29_17h59.29.2.csv,sub_freeweights,0.0717642978479759,-0.852181333525862,0.0335622575435866,0.306120339033862,1.19562421407085e-05,0.136316862926682,0.208187421573377,0.168570598773119,0.236466057779698,0.250459058947124
FLAGTASK_PARTICIPANT_SESSION_2022-03-29_18h32.10.839.csv,sub_freeweights,2.29556095857424,0.430204520856952,0.00150339905938466,2.12999115124832,2.27922434588387,0.0480675020879959,0.0100001421040329,0.999996057174142,0.706738298531762,-0.764801999897933
FLAGTASK_PARTICIPANT_SESSION_2022-03-30_12h43.53.365.csv,sub_freeweights,0.285790417756414,-1.00386175230856,0.0206204633815944,0.0614254022238585,9.9755681940168e-06,0.159091941342824,0.211525563207017,0.0100012400270951,0.437775719015556,0.181605536407508
FLAGTASK_PARTICIPANT_SESSION_2022-03-30_15h15.46.939.csv,sub_freeweights,0.386517177299827,-0.198262632734135,0.0222387929976541,0.77180919432166,0.57031702980269,0.0100000027310582,0.114845755898936,0.0541247519875076,0.541006376145755,0.280023113236743
FLAGTASK_PARTICIPANT_SESSION_2022-03-30_15h36.39.77.csv,sub_freeweights,0.251589320959576,-0.77741292510501,0.0533889745628859,0.2792732169072,1.0902764187548e-07,0.344516018584482,0.346411108645034,0.153144526507486,0.0138318785851176,0.14209646767788
FLAGTASK_PARTICIPANT_SESSION_2022-03-30_17h17.15.469.csv,sub_freeweights,0.0705446236626034,-0.126919471278275,0.00471793133491777,1.36936638313129,1.10249749586043,0.147151870847,0.182470940808284,0.0538746309719371,0.0790711076605363,0.537431449712243
FLAGTASK_PARTICIPANT_SESSION_2022-03-30_21h20.55.384.csv,sub_freeweights,-0.0741330542294281,-1.70506109507653,0.0221609021866274,2.11168487582558e-06,4.01181082626564e-06,0.192331956186003,0.315150733356676,0.152863112823992,0.271591526173924,0.0680626714594041
FLAGTASK_PARTICIPANT_SESSION_2022-03-31_01h35.27.760.csv,sub_freeweights,0.207149074812803,-0.827062413675912,0.0196754703833396,0.257765915052705,0.589092096780635,0.121888855397257,0.129543975244058,0.26806935828594,0.173733733680273,0.306764077392472
FLAGTASK_PARTICIPANT_SESSION_2022-04-01_13h44.47.618.csv,sub_freeweights,1.63205764974577,-0.128610699996671,0.00696246244020924,0.0682068692705501,9.57157606667226e-07,0.155352257423301,0.0100001093396228,0.010000019612604,0.111741905688798,0.712905707935675
FLAGTASK_PARTICIPANT_SESSION_2022-04-01_13h49.21.133.csv,sub_freeweights,0.224901297625955,0.354640543892718,0.0343676910184385,0.94836995276713,0.684629441341451,0.162305101773263,0.171514631505175,0.226888900720521,0.311421606370878,0.127869759630162
FLAGTASK_PARTICIPANT_SESSION_2022-04-01_15h17.07.494.csv,sub_freeweights,0.0676678108725182,0.284295893707868,0.015164649730608,0.860048433138552,0.503627959994998,0.377589376680305,0.267142830973467,0.220906481357892,0.152183509878655,-0.0178221988903196
FLAGTASK_PARTICIPANT_SESSION_2022-04-01_17h06.35.744.csv,sub_freeweights,0.0293377776998272,-0.281732424853082,0.030221284736065,0.0301806504644004,0.231801719013909,0.349267159828019,0.284708860002578,0.01000022120745,0.138277194484441,0.217746564477511
FLAGTASK_PARTICIPANT_SESSION_2022-04-01_17h55.06.881.csv,sub_freeweights,0.226917877653167,0.474396654500895,0.0361496774895212,0.670965320416674,0.598759497547609,0.111367722638274,0.0985297917154535,0.290157777292937,0.165540598694612,0.334404109658724
FLAGTASK_PARTICIPANT_SESSION_2022-04-01_19h10.27.91.csv,sub_freeweights,0.181960263773286,0.486024263390439,0.0136009030303046,1.25292006861523e-07,1.3378636205283e-07,0.0912265265163372,0.303272323840967,0.326749635158982,0.135410189612965,0.143341324870748
FLAGTASK_PARTICIPANT_SESSION_2022-04-01_19h40.46.288.csv,sub_freeweights,-0.232394898331956,-0.630157367702123,0.0291242006663354,2.38585849657239,3.26367601713766e-06,0.555471136913927,0.0100000906943695,0.268333905481403,0.0100002294263563,0.156194637483944
FLAGTASK_PARTICIPANT_SESSION_2022-04-01_20h08.16.604.csv,sub_freeweights,0.161656747145845,-0.5425595632105,0.0664971454812266,0.656833715700701,0.554038185787742,0.0451916282261066,0.168138631376197,0.331133058328767,0.253224302495373,0.202312379573557
FLAGTASK_PARTICIPANT_SESSION_2022-04-01_20h31.57.271.csv,sub_freeweights,-0.345079739884704,-0.829779494430504,0.0176126453104587,0.647123514008139,2.17472565120066e-07,0.361067218848193,0.192097459872155,0.150314003388108,0.0555025372366118,0.241018780654932
FLAGTASK_PARTICIPANT_SESSION_2022-04-01_20h38.15.999.csv,sub_freeweights,0.127576069632678,-0.362196225413309,0.0204712949685699,0.559452898968581,0.579001313022864,0.0882699831581757,0.269317671666887,0.300256834904894,0.182772567615856,0.159382942654187
FLAGTASK_PARTICIPANT_SESSION_2022-04-01_21h40.53.165.csv,sub_freeweights,-0.469031566475672,0.107846616421188,0.022097315201024,9.99998982754523,1.29506677235536,0.848829249139656,0.0100000023469382,0.0904805191187701,0.0505616126377511,0.000128616756884581
FLAGTASK_PARTICIPANT_SESSION_2022-04-01_22h55.14.547.csv,sub_freeweights,0.0699743752637341,-0.139289299742848,0.00993991663444741,3.36707003727692e-06,0.0206012300401451,0.0443531306820885,0.187698647620218,0.416145875928817,0.170824641418466,0.180977704350411
FLAGTASK_PARTICIPANT_SESSION_2022-04-02_00h30.30.615.csv,sub_freeweights,-0.424777818906743,-0.394123384874746,0.00790153592758462,0.830824146321073,1.24127695950643,0.0100000086099604,0.010000012559836,0.16280322874371,0.561378063125813,0.255818686960681
FLAGTASK_PARTICIPANT_SESSION_2022-04-02_10h03.21.445.csv,sub_freeweights,-0.489331285129937,-0.343375719626942,0.0238739943526271,2.36290811409147,7.54228420085203e-06,0.0659008435613058,0.0100000055702431,0.367899777354998,0.0100000110647696,0.546199362448684
FLAGTASK_PARTICIPANT_SESSION_2022-04-02_15h54.40.152.csv,sub_freeweights,-0.181714964037495,-0.796290400685773,0.0139573625707793,1.06264177175155,1.10044419818255,0.185478987381062,0.155306085075359,0.238039390933894,0.235063702375645,0.18611183423404
FLAGTASK_PARTICIPANT_SESSION_2022-04-05_14h06.02.691.csv,sub_freeweights,0.868452247706665,-1.32890200702635,0.112707966582146,0.661584835629704,0.376871261292907,0.0100000009651313,0.234890322918223,0.157468725345821,0.242338496146681,0.355302454624144
FLAGTASK_PARTICIPANT_SESSION_2022-04-06_13h32.32.582.csv,sub_freeweights,0.0207236982136144,0.135903821943186,0.0296667359389976,0.719630795036033,0.700248478369037,0.0100012655153895,0.141986949323808,0.181333779885575,0.264675460470875,0.402002544804353
FLAGTASK_PARTICIPANT_SESSION_2022-04-06_13h41.56.825.csv,sub_freeweights,-0.0215632878062424,-1.89770679366257,0.00857817037113742,0.366762916905412,3.72468257886793e-07,0.313927624012429,0.0100001023940974,0.520937987822602,0.0485796733700924,0.106554612400779
FLAGTASK_PARTICIPANT_SESSION_2022-04-07_19h06.29.563.csv,sub_freeweights,1.01194215268949,-1.11657121313239,0.0345787030472963,0.594626224875586,0.683936002896998,0.155162408689993,0.154662310893374,0.173094489539702,0.185451404968883,0.331629385908048
FLAGTASK_PARTICIPANT_SESSION_2022-04-07_21h14.07.582.csv,sub_freeweights,0.507201389823156,-1.71408744656009,0.0464346881535732,0.919476096837286,0.413534011869381,0.206818546938864,0.126985168713438,0.192802401193862,0.151832746198655,0.321561136955181
FLAGTASK_PARTICIPANT_SESSION_2022-04-08_16h17.09.169.csv,sub_freeweights,0.0298256991495832,-0.012506654477287,0.038898440166633,2.69636906953791e-05,8.66794104541076e-07,0.372633486936577,0.10303407860045,0.168191658239437,0.146230695206678,0.209910081016857
FLAGTASK_PARTICIPANT_SESSION_2022-04-08_18h06.07.506.csv,sub_freeweights,0.435888322841904,-0.566336197331708,0.0201879754388273,3.66720243397181e-07,3.1802110758245e-05,0.380067004718293,0.336542916322599,0.18835374892397,0.0950352481446142,1.08189052516749e-06
FLAGTASK_PARTICIPANT_SESSION_2022-04-08_22h18.45.265.csv,sub_freeweights,-0.553270206766545,-0.741990851709604,0.0234193284193644,0.0571053727461346,0.0824090601207925,0.0100000014579914,0.0466766601075552,0.304334663680887,0.205906892031153,0.433081782722413
FLAGTASK_PARTICIPANT_SESSION_2022-04-09_22h42.45.148.csv,sub_freeweights,0.0340551355484397,-0.0409536497228809,0.030149009643993,0.380471065205738,0.3994114812824,0.0503129879620974,0.238609539912387,0.432793021650151,0.20420788476211,0.0740765657132547
FLAGTASK_PARTICIPANT_SESSION_2022-04-10_15h24.06.347.csv,sub_freeweights,3.40774323946074,-0.871947162103258,0.0036482102366142,1.93259763658862,2.03923705484412,0.0100007017450315,0.011158194047458,0.0377892508325769,0.609061643338908,0.331990210036025
FLAGTASK_PARTICIPANT_SESSION_2022-04-10_18h00.37.939.csv,sub_freeweights,0.323891620883284,-0.193962934273067,0.0514101064936626,0.607572868770714,6.74314513235932e-06,0.14615442348861,0.208687678171926,0.174950166298479,0.176878350874576,0.293329381166409
FLAGTASK_PARTICIPANT_SESSION_2022-04-11_10h19.13.284.csv,sub_freeweights,-0.100051132029766,0.0926561551414372,0.0245139172143928,0.113501508585782,0.217656108233035,0.0393289156883548,0.24738978942863,0.016744075774963,0.0100000050705675,0.686537214037484
FLAGTASK_PARTICIPANT_SESSION_2022-04-11_12h23.55.798.csv,sub_freeweights,0.246131298040508,-0.347285495574735,0.0148035320789021,0.0669317697064204,3.26281676929464e-06,0.322866660563907,0.205164977407432,0.176701270841618,0.0100008895104786,0.285266201676563
FLAGTASK_PARTICIPANT_SESSION_2022-04-11_12h45.21.92.csv,sub_freeweights,-0.00307257472028582,-0.382392353378579,0.0171821958664078,0.450347785082265,0.454909121966628,0.331083059256771,0.137583301081432,0.0100000059353069,0.323303957815278,0.198029675911212
FLAGTASK_PARTICIPANT_SESSION_2022-04-11_14h52.53.746.csv,sub_freeweights,-0.488626826345524,-0.929094177224763,0.0412856757397324,0.31136373639584,5.00029581092244e-07,0.195466403623956,0.113180313930759,0.240482755960906,0.338614241816627,0.112256284667753
FLAGTASK_PARTICIPANT_SESSION_2022-04-11_14h59.34.968.csv,sub_freeweights,-0.160584594799397,-0.337721864126737,0.0235370149002888,3.67210114431435e-06,0.257902456848875,0.159426274775663,0.202005213536189,0.285933704092518,0.352635731936472,-9.24340841645943e-07
FLAGTASK_PARTICIPANT_SESSION_2022-04-11_16h34.58.461.csv,sub_freeweights,-0.169699996027692,-0.945947501865209,0.0174987163709353,0.131214442126359,0.0186582552669806,0.140272123904384,0.0100000061665955,0.40188337959016,0.0245243892784607,0.4233201010604
FLAGTASK_PARTICIPANT_SESSION_2022-04-11_18h02.58.50.csv,sub_freeweights,0.141395710647005,-2.31583961041754,0.0455730551574359,0.721043665701948,0.511520262972772,0.0238102959656973,0.189205475170238,0.301942665065269,0.165609342889735,0.319432220909061
FLAGTASK_PARTICIPANT_SESSION_2022-04-11_18h20.18.494.csv,sub_freeweights,0.181077293460321,-0.902246190103,0.0211345524766511,9.67805308649134e-06,0.090484555681267,0.0100020688944406,0.229209402037981,0.189691906459505,0.25835049829831,0.312746124309764
FLAGTASK_PARTICIPANT_SESSION_2022-04-12_11h20.12.738.csv,sub_freeweights,0.135070829658906,-2.01953890995888,0.0595686370093563,9.52539178061804e-06,7.41598395994047e-05,0.271779558400226,0.306815248104938,0.174361717600421,0.247034049141796,9.42675261861314e-06
FLAGTASK_PARTICIPANT_SESSION_2022-04-12_14h42.50.662.csv,sub_freeweights,0.0665528653033808,-1.64813434377307,0.055749806091954,0.599880546510487,1.27230276813865e-07,0.269257931973827,0.149707506976638,0.245611754308948,0.181259266350933,0.154163540389654
FLAGTASK_PARTICIPANT_SESSION_2022-04-12_14h44.42.931.csv,sub_freeweights,-0.000356996126670166,-0.96520134027887,0.0142738313056749,0.0684682070250632,0.0576287725450439,0.129564102565278,0.231939616322006,0.0100000100611541,0.304384960614217,0.324111310437345
FLAGTASK_PARTICIPANT_SESSION_2022-04-12_15h10.41.366.csv,sub_freeweights,-0.121167627966133,-0.555242534681512,0.0352099505847925,0.880477214600765,0.547757739493875,0.272540667859357,0.228162341705815,0.184982232292991,0.219771127784896,0.0945436303569417
FLAGTASK_PARTICIPANT_SESSION_2022-04-12_16h54.54.114.csv,sub_freeweights,-0.133281506190374,-0.311541645469256,0.0271094520181845,1.96531355922321,5.33337868995686e-06,0.0350298351359028,0.024532174960469,0.442179301734755,0.24492518310416,0.253333505064713
FLAGTASK_PARTICIPANT_SESSION_2022-04-12_18h00.47.167.csv,sub_freeweights,0.248221493952791,-0.233687604567406,0.0472561498854787,0.378121407684857,3.08841870418446e-06,0.120744733544768,0.206517057805103,0.216927166856636,0.296872268353037,0.158938773440455
FLAGTASK_PARTICIPANT_SESSION_2022-04-12_18h36.14.792.csv,sub_freeweights,1.05276451002304,-1.58096836395279,0.0728688071158475,0.827271241418741,0.662364948327274,0.0528442716890449,0.188942061189443,0.306045896884923,0.207162858600479,0.245004911636111
FLAGTASK_PARTICIPANT_SESSION_2022-04-12_19h05.32.935.csv,sub_freeweights,0.348824962258564,-1.12421977219696,0.0164566442228569,1.03508101583435e-06,9.82449428654438e-07,0.180754073151467,0.192877753252044,0.0989579036657449,0.227377231813739,0.300033038117006
FLAGTASK_PARTICIPANT_SESSION_2022-04-12_20h28.24.93.csv,sub_freeweights,0.419345780794845,-0.200629230964414,0.0306747504117495,1.07136193868952,1.16542375071636e-07,0.190849978819414,0.307785119251126,0.113769276971331,0.247846156476495,0.139749468481632
FLAGTASK_PARTICIPANT_SESSION_2022-04-12_21h37.27.507.csv,sub_freeweights,1.12161463157371,-0.544000115926618,0.0117206010448046,0.657949028042726,1.11622497718592e-05,0.0231938479875952,0.0146750595255821,0.272161655365497,0.449179998390948,0.240789438730377
FLAGTASK_PARTICIPANT_SESSION_2022-04-13_10h30.15.257.csv,sub_freeweights,-0.591828354834494,-1.34675479776266,0.0199835365354674,0.00481326657221071,0.119737538453997,0.274735785937234,0.0100000237852311,0.404839196485692,0.240542450858701,0.0698825429331416
FLAGTASK_PARTICIPANT_SESSION_2022-04-13_15h36.17.616.csv,sub_freeweights,0.140995809596999,0.0160362850910659,0.0396101384571235,2.65846802204905,7.77302227303058e-07,0.0834975221722939,0.223787442422878,0.439153594765361,0.125638528547728,0.127922912091738
FLAGTASK_PARTICIPANT_SESSION_2022-04-13_16h59.23.535.csv,sub_freeweights,0.735615447064513,-0.815931378293336,0.076441582896716,0.933082203891258,0.217174292693778,0.212055180412351,0.149983894553007,0.33265448396324,0.154843238311279,0.150463202760122
FLAGTASK_PARTICIPANT_SESSION_2022-04-13_18h32.06.407.csv,sub_freeweights,0.289974237326277,-0.627401585785952,0.0430809081520908,0.818446885678448,1.11903218317113e-06,0.28618461809651,0.134240187111193,0.214358714984657,0.254172540982183,0.111043938825456
FLAGTASK_PARTICIPANT_SESSION_2022-04-13_21h15.57.671.csv,sub_freeweights,0.0090692788034042,-0.212240265286532,0.0206996500668362,0.348293668880145,2.70202218174805e-06,0.181900427816284,0.216446582304709,0.18927831621722,0.171667744695458,0.240706928966329
FLAGTASK_PARTICIPANT_SESSION_2022-04-13_22h38.38.320.csv,sub_freeweights,-0.274773207369348,-0.0523225450006551,0.0224344528099454,0.727052835167108,1.03812455081824e-05,0.253790836821711,0.0100015708807921,0.348549306793183,0.108906541782316,0.278751743721998
FLAGTASK_PARTICIPANT_SESSION_2022-04-13_23h51.24.213.csv,sub_freeweights,0.1716678232515,-0.639260616682597,0.0155135210992673,0.624623492108692,0.137742219159187,0.321417725999993,0.0100000014143342,0.601753457704118,0.0658265921463575,0.00100222273519712
FLAGTASK_PARTICIPANT_SESSION_2022-04-14_10h43.30.280.csv,sub_freeweights,-0.743658425551508,-0.603939066693461,0.0300816519657193,0.0654786791207672,0.00941430387088955,0.0100000332075955,0.242671471109288,0.0202098697142275,0.256886930840997,0.470231695127891
FLAGTASK_PARTICIPANT_SESSION_2022-04-14_13h01.34.860.csv,sub_freeweights,0.477014907950146,-0.177064629975654,0.0334385719812226,1.2767156130307,1.74832151687811e-06,0.0696657891025731,0.253377241201853,0.158750367860338,0.202534902680851,0.315671699154385
FLAGTASK_PARTICIPANT_SESSION_2022-04-14_14h46.10.986.csv,sub_freeweights,0.237405524570008,-0.278090943194977,0.0512258520903859,0.553404094662666,5.98373786731375e-07,0.0901855265405964,0.198089728738205,0.197762351343808,0.197690989229286,0.316271404148104
FLAGTASK_PARTICIPANT_SESSION_2022-04-14_15h04.23.636.csv,sub_freeweights,0.177678234662205,-0.92364561273515,0.0401383749527992,0.650252535557309,2.79764738892038e-06,0.0477185586711117,0.221297390936044,0.215587459912947,0.238427785832693,0.276968804647204
FLAGTASK_PARTICIPANT_SESSION_2022-04-14_15h37.15.98.csv,sub_freeweights,0.103212256145532,-0.43905590130728,0.028537477507219,0.670638883984291,0.585920707994307,0.205734529443704,0.220744836385095,0.234115290899982,0.239438793805627,0.0999665494655917
FLAGTASK_PARTICIPANT_SESSION_2022-04-14_15h39.07.485.csv,sub_freeweights,0.193504905864224,-1.12793233741515,0.0548504371615404,1.13349009124971,1.20067883863989,0.183175436567426,0.319311205696926,0.169814406602039,0.117559516876241,0.210139434257368
FLAGTASK_PARTICIPANT_SESSION_2022-04-14_18h04.29.780.csv,sub_freeweights,0.135562883426138,-1.81558452076811,0.0102387087947812,0.052148473588124,0.0638904394122498,0.369178850077198,0.237320691099995,0.221098014429273,0.0100000275665361,0.162402416826998
FLAGTASK_PARTICIPANT_SESSION_2022-04-14_19h02.26.818.csv,sub_freeweights,-0.416268382605415,-0.405801306754061,0.043002808650393,0.659304380843324,0.862983086057732,0.251639418879378,0.0378011537956668,0.225355125700347,0.319879035110799,0.16532526651381
FLAGTASK_PARTICIPANT_SESSION_2022-04-14_20h21.32.355.csv,sub_freeweights,-0.160016190941538,-1.14767108815838,-0.0151489277242865,1.17885958491685e-06,0.187786079775938,0.276021178067853,0.0100003640216822,0.156042515476134,0.342782305191937,0.215153637242393
FLAGTASK_PARTICIPANT_SESSION_2022-04-14_23h05.17.734.csv,sub_freeweights,-0.282004542198948,-0.277509403006413,0.012046392627874,2.72129213953489e-05,0.553460263244073,0.0100087088770412,0.0778844993431373,0.28396639852194,0.243690409934388,0.384449983323493
FLAGTASK_PARTICIPANT_SESSION_2022-04-15_11h27.48.421.csv,sub_freeweights,0.802731445272649,-0.807513614118272,0.0617787062878808,0.525715709067209,1.6128556079242e-07,0.0853573009641559,0.193698174744739,0.311359153156686,0.11882024511177,0.290765126022649
FLAGTASK_PARTICIPANT_SESSION_2022-04-15_11h31.41.53.csv,sub_freeweights,0.381493921259028,-0.503147833553933,0.0155808933905908,1.19498112441777,0.911168937872798,0.196766660066987,0.108434398665965,0.171814341109126,0.208885714302292,0.31409888585563
FLAGTASK_PARTICIPANT_SESSION_2022-04-15_11h58.12.167.csv,sub_freeweights,-0.454471684080125,-1.70778910172146,0.0152873621349532,0.778499636363686,0.851156157392681,0.0100004490079666,0.3690358682381,0.010000214710539,0.333935765230691,0.277027702812703
FLAGTASK_PARTICIPANT_SESSION_2022-04-15_12h49.32.812.csv,sub_freeweights,-0.405076703656214,-0.999620537907357,0.0600216376644513,0.357373005398545,0.246392233216725,0.0100000784874106,0.305175386514934,0.356794902830987,0.0100009928015634,0.318028639365104
FLAGTASK_PARTICIPANT_SESSION_2022-04-15_13h11.54.435.csv,sub_freeweights,-0.282955601801409,-0.551125237871332,0.00666089647181037,2.09458552973221e-05,0.781542649741602,0.0823809185336341,0.357589507678415,0.120168812452768,0.0259729263891214,0.413887834946062
FLAGTASK_PARTICIPANT_SESSION_2022-04-15_14h56.26.23.csv,sub_freeweights,0.132402712543383,-0.764456777247508,0.029295907669504,0.644128222905837,1.73175484925693e-07,0.177289716829064,0.152001836651115,0.248197504935975,0.120185090316869,0.302325851266977
FLAGTASK_PARTICIPANT_SESSION_2022-04-15_15h11.54.535.csv,sub_freeweights,-0.23344585429687,-0.131857149226946,0.0140553977028551,0.00235576713691282,5.07604172341742e-06,0.0100040747505934,0.115454991501019,0.0100048552392987,0.340758959689806,0.523777118819282
FLAGTASK_PARTICIPANT_SESSION_2022-04-15_15h37.31.241.csv,sub_freeweights,-2.72102860204486,0.441655138476435,-0.00104056790120889,0.0601868876893704,0.0220108138440957,0.0100031124422414,0.0100053044810016,0.0100044822174256,0.999999579637631,-0.0300124787782992
FLAGTASK_PARTICIPANT_SESSION_2022-04-15_15h48.44.2.csv,sub_freeweights,-0.427177472040745,-0.181188114114371,0.00502103658615188,1.35068291150346,1.33540804649468e-05,0.0100016324494119,0.10896302519723,0.171194752653793,0.574784695068326,0.13505589463124
FLAGTASK_PARTICIPANT_SESSION_2022-04-15_16h04.55.930.csv,sub_freeweights,-0.457762658211921,-0.256001791413389,0.073479991596701,0.961595761998425,0.964949163508132,0.201696894780724,0.0834272555097289,0.230209733557244,0.187877297295367,0.296788818856936
FLAGTASK_PARTICIPANT_SESSION_2022-04-15_16h29.54.288.csv,sub_freeweights,0.610190518557231,-0.916388113363302,0.0342649193153935,0.551596718980547,7.04913418792972e-06,0.112682789035799,0.184865753423364,0.288642972928529,0.174338323536868,0.23947016107544
FLAGTASK_PARTICIPANT_SESSION_2022-04-15_16h34.48.814.csv,sub_freeweights,-0.487905439478492,-0.232498141771512,0.0555677121435798,0.869483833511156,0.768701414548598,0.161942146434263,0.186436579030241,0.195206770280703,0.208940282048734,0.24747422220606
FLAGTASK_PARTICIPANT_SESSION_2022-04-15_17h08.39.86.csv,sub_freeweights,-0.214106218208621,-1.66298617285549,0.0433429544844508,0.601985546677644,1.14548482216492e-07,0.112019054288462,0.107922015306609,0.269218327389184,0.273536230576811,0.237304372438934
FLAGTASK_PARTICIPANT_SESSION_2022-04-15_17h24.57.1.csv,sub_freeweights,0.263115674129754,0.239195633600839,0.0412264061758645,2.72069210514982e-06,0.85502925421024,0.159415932854939,0.265448231023124,0.227561197522292,0.171902809827557,0.175671828772088
FLAGTASK_PARTICIPANT_SESSION_2022-04-15_17h39.33.279.csv,sub_freeweights,-0.194510648954924,-0.990427153271517,0.0192980006822857,0.0498651713113651,0.0238612690919421,0.307490786068029,0.0100000012343389,0.108288431819374,0.18121108061975,0.393009700258508
FLAGTASK_PARTICIPANT_SESSION_2022-04-15_17h58.41.694.csv,sub_freeweights,-0.0666810407070414,-0.856984814327266,0.0133941881793325,0.109070513422163,7.1297000193019e-06,0.0100050746765349,0.0100027655002742,0.501754503803029,0.302997857227649,0.175239798792513
FLAGTASK_PARTICIPANT_SESSION_2022-04-15_17h59.50.713.csv,sub_freeweights,-0.041845073487535,-0.444859119499548,0.0222558977733186,0.747441749615023,5.45034003228946e-06,0.088886731683062,0.185076971694978,0.196682251288383,0.207370238102141,0.321983807231436
FLAGTASK_PARTICIPANT_SESSION_2022-04-15_18h10.33.321.csv,sub_freeweights,-0.0647918506179802,-0.396384743113728,0.0295079124895705,0.598149797767442,0.766306576706748,0.244153687485226,0.195916676062312,0.146451861780178,0.140091327404239,0.273386447268045
FLAGTASK_PARTICIPANT_SESSION_2022-04-15_19h58.26.96.csv,sub_freeweights,0.102521976256199,-0.797170151853971,0.0234927666004246,0.129268347692037,0.0963351543238745,0.0401028456422394,0.310202942164769,0.302014954283196,0.0100000010298165,0.33767925687998
FLAGTASK_PARTICIPANT_SESSION_2022-04-15_20h37.15.845.csv,sub_freeweights,-0.0208877506222854,-1.01201876395133,0.00801846095877611,0.00281338304291291,0.0583718971585802,0.437450930698967,0.360468325002696,0.17099007306952,0.0256798352268247,0.00541083600199221
FLAGTASK_PARTICIPANT_SESSION_2022-04-15_21h35.04.579.csv,sub_freeweights,0.540071548709663,-0.874387058326742,0.0423588514776552,0.561117658548687,0.29745479651638,0.0100000010846446,0.0100000121745828,0.279697845688748,0.371615050112146,0.328687090939879
FLAGTASK_PARTICIPANT_SESSION_2022-04-15_21h48.50.497.csv,sub_freeweights,-0.167226273728226,0.10045269403903,0.0157180581600595,3.36019140825714e-05,1.89928262744459e-05,0.17711130250833,0.230446087653257,0.223988791147502,0.0101128186235015,0.35834100006741
FLAGTASK_PARTICIPANT_SESSION_2022-04-15_22h01.29.986.csv,sub_freeweights,-0.213360530507188,-0.61126283521363,0.0107912910089092,0.0403577878613783,0.0131986863556316,0.0100001162734098,0.233037317931774,0.128087416277556,0.4290523968444,0.19982275267286
FLAGTASK_PARTICIPANT_SESSION_2022-04-15_22h08.27.540.csv,sub_freeweights,-0.0537689557995325,-0.369454529963253,0.0119239140360503,0.102711153888569,0.864495950689355,0.0534885749587692,0.0738756720681993,0.361230581254531,0.227241766289216,0.284163405429284
FLAGTASK_PARTICIPANT_SESSION_2022-04-15_22h24.39.305.csv,sub_freeweights,0.0308946240005592,-0.376453589311623,0.0317900301901785,0.568876407994537,0.140171866633474,0.175042546688442,0.241763209294058,0.307670248675306,0.199834834103007,0.0756891612391872
FLAGTASK_PARTICIPANT_SESSION_2022-04-15_22h30.47.300.csv,sub_freeweights,-0.226078040005577,0.101027673407449,0.0143790798407364,1.18109249345999,1.03585012738369,0.130741245086889,0.220845364766193,0.185478046344714,0.164380959407206,0.298554384394998
FLAGTASK_PARTICIPANT_SESSION_2022-04-15_22h31.01.842.csv,sub_freeweights,0.27025119507844,-1.23951819623808,0.0411730958007454,0.336372514037402,6.32722643061787e-06,0.271665489296109,0.0100114390071339,0.247221753680712,0.0938934177273476,0.377207900288698
FLAGTASK_PARTICIPANT_SESSION_2022-04-15_22h53.43.951.csv,sub_freeweights,1.02013115100664,-1.1374047966132,0.100889837221995,1.4425434427394,5.60412149679727e-06,0.0445337873594887,0.395161864881192,0.157367643174771,0.216194442862875,0.186742261721674
FLAGTASK_PARTICIPANT_SESSION_2022-04-15_23h00.25.593.csv,sub_freeweights,0.0163064458904458,-0.606455787429443,0.0175735995745366,0.645423380023171,1.14379971986148e-06,0.317968603637,0.120249138556587,0.143770500271485,0.189543733734827,0.228468023800101
FLAGTASK_PARTICIPANT_SESSION_2022-04-15_23h00.50.785.csv,sub_freeweights,0.0140369135346121,-0.477008773677924,0.00686834477854555,1.76272971271856,1.38245691631435,0.164634421067035,0.0100000012911626,0.0249488028439367,0.21819505561274,0.582221719185126
FLAGTASK_PARTICIPANT_SESSION_2022-04-15_23h20.26.654.csv,sub_freeweights,0.252172372408462,-0.998717381048031,0.02135749672671,9.32111440696973e-06,1.52052517317049e-05,0.142246085873874,0.241993578451914,0.186439586172394,0.28048151525238,0.148839234249437
